<p title="Table des raccourcis">

  <p class="table" title="Editeur de texte ou donnée">
    <p><p></p><p></p><p></p></p>
    <p><p>Control O</p><p>(open)</p><p>Ouvrir un fichier pour l'éditer</p></p>
    <p><p>Control S</p><p>(save)</p><p>Sauvegarder le contenu édité dans un fichier</p></p>
    <p><p>Control H</p><p>(help)</p><p>Montre la page d'aide</p></p>
    <p><p></p><p></p><p></p></p>
    <p><p>Control C</p><p>(copy)</p><p>Copier la portion de texte ou de donnée sélectionnée</p></p>
    <p><p>Control X</p><p>(cut)</p><p>Couper la portion de texte ou de donnée sélectionnée</p></p>
    <p><p>Control V</p><p>(paste)</p><p>Coller la portion de texte ou de donnée précédemment copiée ou coupée</p></p>
    <p><p></p><p></p><p></p></p>
    <p><p>Control E</p><p>(edit)</p><p>Vérouille/Dévérouille l'éditeur interne (pour <l link="about-external-editor.htm" text="édition externe"/>)</p></p>
  </p>

  <p class="table" title="Editeur de texte">
    <p><p>Control Z</p><p>(undo)</p><p>Annuler la dernière commande d'édition</p></p>
    <p><p>Control Y</p><p>(redo)</p><p>Restaurer la dernière commande d'édition</p></p>
  </p>

  <p class="table" title="Navigateur de documentation">
    <p><p>Control HOME</p><p>(home)</p><p>Revenir à la page initiale</p></p>
    <p><p>Control &lt;-</p><p>(backward)</p><p>Revenir une page en arrière</p></p>
    <p><p>Control -></p><p>(forward)</p><p>Avancer une page en avant</p></p>
  </p>

  <p class="table" title="Autres commandes">
    <p><p>Control I</p><p>(info)</p><p>Affiche les informations d'attestation de JavaScool, dont le numéro de révision</p></p>
    <p><p>Control T</p><p>(trace)</p><p>Met en place un mécanisme de détection des problèmes de compatibilité JavaScool / Windows|MacOs</p></p>
    <p><p>Control Q</p><p>(quit)</p><p>Quitter le logiciel</p></p>
  </p>
</p>
